Component;Needed qty;Total price [€];Link;Supplier
XIAO-nRF52840-SMD;2;19,79;https://it.aliexpress.com/item/1005006988954136.html?spm=a2g0o.productlist.main.1.62ba43a7fON3hC&algo_pvid=c4482254-3f89-40fa-98a7-97dd3aacc602&pdp_ext_f=%7B%22order%22%3A%22624%22%2C%22eval%22%3A%221%22%2C%22fromPage%22%3A%22search%22%7D&utparam-url=scene%3Asearch%7Cquery_from%3A%7Cx_object_id%3A1005006988954136%7C_p_origin_prod%3A ;Aliexpress
MCP23017-SMD;2;2,14;https://it.aliexpress.com/item/1005004887918583.html;Aliexpress
Switches;76;4,41;https://www.temu.com/it-en/precision-3-pin-mechanical-keyboard-switches-with-plug-and-play-options-featuring-linear-switches-with-a-transparent-top-for-light-transmission--in-yellow-and-blue-white-colors-pre-lubricated-from--g-601100287059998.html?_oak_mp_inf=EJ7Q1oip1ogBGiA2MjA1OTFhZGIwYmI0ZjExOGRkNmE4NWY1YjY1Nzg4YiDdjpTbvjM%3D&top_gallery_url=https%3A%2F%2Fimg.kwcdn.com%2Fproduct%2Ffancy%2F5ca76de4-541b-4589-8306-2ff655b67820.jpg&spec_gallery_id=601100287059998&refer_page_sn=10009&refer_source=0&freesia_scene=2&_oak_freesia_scene=2&_oak_rec_ext_1=MjEz&_oak_gallery_order=1360653936%2C1920154018%2C1542512124%2C1400465511%2C1664886147&search_query=keyswitches&search_key=keyswitches&refer_page_el_sn=200049&ab_scene=1&refer_page_name=search_result&refer_page_id=10009_1769180797972_exq1kelk56&_x_sessn_id=oe4sw92wy2;Temu
Diodes;76;0,49;https://it.aliexpress.com/item/1005003194692663.html?spm=a2g0o.detail.pcDetailTopMoreOtherSeller.2.2dfd9UnT9UnTOx&gps-id=pcDetailTopMoreOtherSeller&scm=1007.40050.354490.0&scm_id=1007.40050.354490.0&scm-url=1007.40050.354490.0&pvid=9bed4a2f-5e06-4ca8-8a81-9422ca14dc2d&_t=gps-id:pcDetailTopMoreOtherSeller,scm-url:1007.40050.354490.0,pvid:9bed4a2f-5e06-4ca8-8a81-9422ca14dc2d,tpp_buckets:668%232846%238107%231934&pdp_ext_f=%7B%22order%22%3A%2275%22%2C%22eval%22%3A%221%22%2C%22sceneId%22%3A%2230050%22%2C%22fromPage%22%3A%22recommend%22%7D&utparam-url=scene%3ApcDetailTopMoreOtherSeller%7Cquery_from%3A%7Cx_object_id%3A1005003194692663%7C_p_origin_prod%3A ;Aliexpress
Rotary Encoder;2;2,75;https://it.aliexpress.com/item/1005006128088045.html?spm=a2g0o.productlist.main.7.69da3a52YN3A3T&algo_pvid=299a848f-d8b4-4b81-af71-043ec0739c44&pdp_ext_f=%7B%22order%22%3A%22175%22%2C%22spu_best_type%22%3A%22order%22%2C%22eval%22%3A%221%22%2C%22fromPage%22%3A%22search%22%7D&utparam-url=scene%3Asearch%7Cquery_from%3A%7Cx_object_id%3A1005006128088045%7C_p_origin_prod%3A;Aliexpress
4.7Kohm resistor;4;3,3;https://it.aliexpress.com/item/1005003021579348.html?spm=a2g0o.detail.similar_items.1.c6b5uQYquQYqWw&utparam-url=scene%3Aimage_search%7Cquery_from%3Aapp_pdp_sold_out%7Cx_object_id%3A1005003021579348%7C_p_origin_prod%3A&algo_pvid=fdeea7bb-5d73-46a6-ba1e-958d93b91a1d&pdp_ext_f=%7B%22order%22%3A%2265%22%2C%22fromPage%22%3A%22search%22%7D;Aliexpress
2Mohm resistor;2;3,35;https://it.aliexpress.com/item/1005003021538603.html?spm=a2g0o.productlist.main.2.5799451dIEnpLm&aem_p4p_detail=2025122610095969558461128860001466829&algo_pvid=e1c016ba-7d38-4015-8dd3-4c35ec3cf51b&pdp_ext_f=%7B%22order%22%3A%22492%22%2C%22eval%22%3A%221%22%2C%22fromPage%22%3A%22search%22%7D&utparam-url=scene%3Asearch%7Cquery_from%3A%7Cx_object_id%3A1005003021538603%7C_p_origin_prod%3A&search_p4p_id=2025122610095969558461128860001466829_1;Aliexpress
820Kohm resistor;2;3,4;https://it.aliexpress.com/item/1005003021538603.html?spm=a2g0o.productlist.main.2.5799451dIEnpLm&aem_p4p_detail=2025122610095969558461128860001466829&algo_pvid=e1c016ba-7d38-4015-8dd3-4c35ec3cf51b&pdp_ext_f=%7B%22order%22%3A%22492%22%2C%22eval%22%3A%221%22%2C%22fromPage%22%3A%22search%22%7D&utparam-url=scene%3Asearch%7Cquery_from%3A%7Cx_object_id%3A1005003021538603%7C_p_origin_prod%3A&search_p4p_id=2025122610095969558461128860001466829_1;Aliexpress
0.91' oled screen;1;1,71;https://it.aliexpress.com/item/1005008640132638.html?spm=a2g0o.productlist.main.1.4bc21769QO4Huq&algo_pvid=137205ff-4c76-455e-87f8-fca5959adf11&pdp_ext_f=%7B%22order%22%3A%222649%22%2C%22spu_best_type%22%3A%22order%22%2C%22eval%22%3A%221%22%2C%22fromPage%22%3A%22search%22%7D&utparam-url=scene%3Asearch%7Cquery_from%3A%7Cx_object_id%3A1005008640132638%7C_p_origin_prod%3A;Aliexpress
2u key stabilizer;4;1,76;https://www.temu.com/it-en/-mechanical-keyboard-satellite-shaft--plum-plate-mounted--stabilizers-balancing-poles-raised-wire-6-25u-2u---puller-material-abs-g-606163043249487.html?_oak_mp_inf=EM%2Fa%2BabV6YkBGiBmYjQ5ZDgyMjk3ZjQ0MWQ3ODY5ODBiZGU3M2U1YTUyNCCcj9HcvjM%3D&top_gallery_url=https%3A%2F%2Fimg.kwcdn.com%2Fproduct%2Fopen%2Fbd3c22d8da5041839cf58bed49b496d6-goods.jpeg&spec_gallery_id=32530946610&refer_page_sn=10009&refer_source=0&freesia_scene=2&_oak_freesia_scene=2&_oak_rec_ext_1=MTc2&_oak_gallery_order=392592062%2C1011214011%2C2063148955%2C1081409860%2C623343615&search_query=stabilizers%20keyboard&search_key=stabilizers%20keyboard&refer_page_el_sn=200049&ab_scene=1&refer_page_name=search_result&refer_page_id=10009_1769183298503_6l5v765b5c&_x_sessn_id=2ft4ojresp;Aliexpress
1u keycap;60;11,81;https://it.aliexpress.com/item/32842379355.html?spm=a2g0o.productlist.main.2.16fc7efebDygke&algo_pvid=bea2e9e0-a4b6-4b73-8016-aa0d3190b12a&pdp_ext_f=%7B%22order%22%3A%22125%22%2C%22eval%22%3A%221%22%2C%22fromPage%22%3A%22search%22%7D&utparam-url=scene%3Asearch%7Cquery_from%3A%7Cx_object_id%3A32842379355%7C_p_origin_prod%3A;Aliexpress
1,5u keycap;12;22,2;https://it.aliexpress.com/item/1005006010936702.html?spm=a2g0o.productlist.main.34.39ff6cf85WN2oS&algo_pvid=8ef56b79-7700-45fc-b6a0-9b64ea7814c4&pdp_ext_f=%7B%22order%22%3A%2225%22%2C%22eval%22%3A%221%22%2C%22fromPage%22%3A%22search%22%7D&utparam-url=scene%3Asearch%7Cquery_from%3A%7Cx_object_id%3A1005006010936702%7C_p_origin_prod%3A;Aliexpress
2u keycap;4;7,49;https://it.aliexpress.com/item/1005009812188022.html?spm=a2g0o.productlist.main.2.26dd7ffdM3bSEx&algo_pvid=5cae11f1-2e3f-4590-934a-0c83b294a05e&pdp_ext_f=%7B%22order%22%3A%2227%22%2C%22eval%22%3A%221%22%2C%22fromPage%22%3A%22search%22%7D&utparam-url=scene%3Asearch%7Cquery_from%3A%7Cx_object_id%3A1005009812188022%7C_p_origin_prod%3A;Aliexpress
M3 Heat-press insert;12;1,51;https://www.temu.com/it-en/50pcs--brass-embedment-insert-nut-for-hot-melt-heat--3d-print-plastic-board-double-twill-knurled-thread-g-601099714384815.html?_oak_mp_inf=EK%2Bnzfem1ogBGiA3ZmJlMjRiMDY0MTQ0OWY1ODQ2YzUxMmIxMmYyNTE3OSDEz7fbvjM%3D&top_gallery_url=https%3A%2F%2Fimg.kwcdn.com%2Fproduct%2Ffancy%2F16dbc840-0be4-40f6-8b7e-c3290bf71739.jpg&spec_gallery_id=17131&refer_page_sn=10009&refer_source=0&freesia_scene=2&_oak_freesia_scene=2&_oak_rec_ext_1=MTYy&_oak_gallery_order=1330346241%2C1573410786%2C1686545821%2C2104111225%2C793397570&search_query=m3%20heat%20press%20inserts&search_key=m3%20heat%20press%20inserts&refer_page_el_sn=200049&ab_scene=1&refer_page_name=search_result&refer_page_id=10009_1769180797972_exq1kelk56&_x_sessn_id=oe4sw92wy2;Aliexpress
M3 Screws;12;1,75;https://www.temu.com/it-en/--metric-screws-six-lobe--torx-screw-a2-stainless-steel-plum--countersunk-head-machine-bolts-g-601103213658276.html?_oak_mp_inf=EKSBmPyz1ogBGiBiZWFhMWNmZTRiOTA0ZThkOWRkZDZhY2NkZGFiZTlhYiCd2dHbvjM%3D&top_gallery_url=https%3A%2F%2Fimg.kwcdn.com%2Fproduct%2Ffancy%2F4823dede-7987-4311-898b-818e3b5b33a6.jpg&spec_gallery_id=601103213658276&refer_page_sn=10009&refer_source=0&freesia_scene=2&_oak_freesia_scene=2&_oak_rec_ext_1=MTk0&_oak_gallery_order=1516384658%2C1869303727%2C839942036%2C611356733%2C1828308857&search_query=m3x25%20screws&search_key=m3x25%20screws&refer_page_el_sn=200049&ab_scene=1&refer_page_name=search_result&refer_page_id=10009_1769181504594_9f9aso1spy&_x_sessn_id=oe4sw92wy2;Aliexpress
PCB;1;50;jlcpcb;jlcpcb
Battery;2;5,58;https://it.aliexpress.com/item/32856929220.html?spm=a2g0o.productlist.main.1.6081bAshbAshiC&algo_pvid=3da68703-c503-4912-9e5c-6f312c990bea&pdp_ext_f=%7B%22order%22%3A%222%22%2C%22eval%22%3A%221%22%2C%22fromPage%22%3A%22search%22%7D&utparam-url=scene%3Asearch%7Cquery_from%3A%7Cx_object_id%3A32856929220%7C_p_origin_prod%3A;Aliexpress
Capacitor;1;3,18;https://it.aliexpress.com/item/1005006029191180.html?spm=a2g0o.productlist.main.1.7d767121SncQ1i&algo_pvid=5662aaae-72b2-4476-b62c-b217dcc7d534&pdp_ext_f=%7B%22order%22%3A%22851%22%2C%22spu_best_type%22%3A%22service%22%2C%22eval%22%3A%221%22%2C%22fromPage%22%3A%22search%22%7D&utparam-url=scene%3Asearch%7Cquery_from%3A%7Cx_object_id%3A1005006029191180%7C_p_origin_prod%3A;Aliexpress
